INSERT INTO sys_area VALUES ('1', '0', '0,', '100000', '中国', '1', '1', '2013-5-27 08:00:00', '1', '2013-5-27 08:00:00', NULL, '0');
INSERT INTO sys_area VALUES ('10', '8', '0,1,2,', '370532', '历城区', '4', '1', '2013-5-27 08:00:00', '1', '2013-5-27 08:00:00', NULL, '0');
INSERT INTO sys_area VALUES ('11', '8', '0,1,2,', '370533', '历城区', '4', '1', '2013-5-27 08:00:00', '1', '2013-5-27 08:00:00', NULL, '0');
INSERT INTO sys_area VALUES ('12', '8', '0,1,2,', '370534', '历下区', '4', '1', '2013-5-27 08:00:00', '1', '2013-5-27 08:00:00', NULL, '0');
INSERT INTO sys_area VALUES ('13', '8', '0,1,2,', '370535', '天桥区', '4', '1', '2013-5-27 08:00:00', '1', '2013-5-27 08:00:00', NULL, '0');
INSERT INTO sys_area VALUES ('14', '8', '0,1,2,', '370536', '槐荫区', '4', '1', '2013-5-27 08:00:00', '1', '2013-5-27 08:00:00', NULL, '0');
INSERT INTO sys_area VALUES ('2', '1', '0,1,', '110000', '北京市', '2', '1', '2013-5-27 08:00:00', '1', '2013-5-27 08:00:00', NULL, '0');
INSERT INTO sys_area VALUES ('3', '2', '0,1,2,', '110101', '东城区', '4', '1', '2013-5-27 08:00:00', '1', '2013-5-27 08:00:00', NULL, '0');
INSERT INTO sys_area VALUES ('4', '2', '0,1,2,', '110102', '西城区', '4', '1', '2013-5-27 08:00:00', '1', '2013-5-27 08:00:00', NULL, '0');
INSERT INTO sys_area VALUES ('5', '2', '0,1,2,', '110103', '朝阳区', '4', '1', '2013-5-27 08:00:00', '1', '2013-5-27 08:00:00', NULL, '0');
INSERT INTO sys_area VALUES ('6', '2', '0,1,2,', '110104', '丰台区', '4', '1', '2013-5-27 08:00:00', '1', '2013-5-27 08:00:00', NULL, '0');
INSERT INTO sys_area VALUES ('7', '2', '0,1,2,', '110105', '海淀区', '4', '1', '2013-5-27 08:00:00', '1', '2013-5-27 08:00:00', NULL, '0');
INSERT INTO sys_area VALUES ('8', '1', '0,1,', '370000', '山东省', '2', '1', '2013-5-27 08:00:00', '1', '2013-5-27 08:00:00', NULL, '0');
INSERT INTO sys_area VALUES ('9', '8', '0,1,2,', '370531', '济南市', '3', '1', '2013-5-27 08:00:00', '1', '2013-5-27 08:00:00', NULL, '0');

INSERT INTO sys_dict VALUES ('717274ba4d97103293d96d0f05ea86e3', '地市', '3', 'sys_area_type', '区域类型', null, null, null, null, null, '0');
INSERT INTO sys_dict VALUES ('7c020ad84d97103293d96d0f05ea86e3', '省份、直辖市', '2', 'sys_area_type', '区域类型', null, null, null, null, null, '0');
INSERT INTO sys_dict VALUES ('e3e8e3594d7e103293d96d0f05ea86e3', '年假', '1', 'oa_leave_type', '请假类型', null, null, null, null, null, '0');
INSERT INTO sys_dict VALUES ('f0522e0e4d7e103293d96d0f05ea86e3', '事假', '2', 'oa_leave_type', '请假类型', null, null, null, null, null, '0');

INSERT INTO sys_menu VALUES ('06451f0b27b4103295b177fb85a9c0c5', 'e321c6662652103295b177fb85a9c0c5', '0,1,44f3448920d010328a0479b72cb403f0,e321c6662652103295b177fb85a9c0c5,', '删除', '/sys/area/delete/**', '', '', 300, '0', 'sys:area:delete', NULL, NULL, NULL, NULL, NULL, '0');
INSERT INTO sys_menu VALUES ('073d631227cb103295b177fb85a9c0c5', 'd5b8beaf20d310328a0479b72cb403f0', '0,1,b7dff5e820d310328a0479b72cb403f0,d5b8beaf20d310328a0479b72cb403f0,', '删除', '/sys/role/delete', '', '', 300, '0', 'sys:role:delete', NULL, NULL, NULL, NULL, NULL, '0');
INSERT INTO sys_menu VALUES ('1', '0', '0,', '顶级菜单', NULL, NULL, NULL, 0, '0', NULL, '1', '2013-5-27 08:00:00', '1', '2013-5-27 08:00:00', NULL, '0');
INSERT INTO sys_menu VALUES ('10bee15449b41032bfa84d7a7c008cbe', '46b0b6cd37831032a742ebdf985f1138', '0,1,46b0b6cd37831032a742ebdf985f1138,', '已办任务', '/workflow/task/done', '', 'check', 20, '1', '', NULL, NULL, NULL, NULL, NULL, '0');
INSERT INTO sys_menu VALUES ('14a4b5ce27b3103295b177fb85a9c0c5', 'e321c6662652103295b177fb85a9c0c5', '0,1,44f3448920d010328a0479b72cb403f0,e321c6662652103295b177fb85a9c0c5,', '添加', '/sys/area/create', '', '', 100, '0', 'sys:area:create', NULL, NULL, NULL, NULL, NULL, '0');
INSERT INTO sys_menu VALUES ('1774038220d410328a0479b72cb403f0', 'b7dff5e820d310328a0479b72cb403f0', '0,1,b7dff5e820d310328a0479b72cb403f0,', '菜单管理', '/sys/menu', '', 'list', 20, '1', 'sys:menu:view', NULL, NULL, NULL, NULL, NULL, '0');
INSERT INTO sys_menu VALUES ('23333e33432d1032bfa84d7a7c008cbe', 'f63b8298432c1032bfa84d7a7c008cbe', '0,1,f63b8298432c1032bfa84d7a7c008cbe,', '流程定义', '/workflow/process/list', '', 'leaf', 10, '1', '', NULL, NULL, NULL, NULL, NULL, '0');
INSERT INTO sys_menu VALUES ('248aac5227ca103295b177fb85a9c0c5', '586d873e20d010328a0479b72cb403f0', '0,1,44f3448920d010328a0479b72cb403f0,586d873e20d010328a0479b72cb403f0,', '删除', '/sys/user/delete', '', '', 300, '0', 'sys:user:delete', NULL, NULL, NULL, NULL, NULL, '0');
INSERT INTO sys_menu VALUES ('302cc2e32d47103295b177fb85a9c0c5', '44f3448920d010328a0479b72cb403f0', '0,1,44f3448920d010328a0479b72cb403f0,', '机构管理', '/sys/org', '', 'th-large', 20, '1', 'sys:org:view', NULL, NULL, NULL, NULL, NULL, '0');
INSERT INTO sys_menu VALUES ('44f3448920d010328a0479b72cb403f0', '1', '0,1,', '机构用户', '', '', '', 3, '1', '', NULL, NULL, NULL, NULL, NULL, '0');
INSERT INTO sys_menu VALUES ('46b0b6cd37831032a742ebdf985f1138', '1', '0,1,', '待办工作', '', '', '', 1, '1', '', NULL, NULL, NULL, NULL, NULL, '0');
INSERT INTO sys_menu VALUES ('51df75894d67103293d96d0f05ea86e3', 'b7dff5e820d310328a0479b72cb403f0', '0,1,b7dff5e820d310328a0479b72cb403f0,', '字典管理', '/sys/dict', '', 'info-sign', 30, '1', '', NULL, NULL, NULL, NULL, NULL, '0');
INSERT INTO sys_menu VALUES ('586d873e20d010328a0479b72cb403f0', '44f3448920d010328a0479b72cb403f0', '0,1,44f3448920d010328a0479b72cb403f0,', '用户管理', '/sys/user', '', 'user', 10, '1', 'sys:user:view', NULL, NULL, NULL, NULL, NULL, '0');
INSERT INTO sys_menu VALUES ('5c4ad12a27ca103295b177fb85a9c0c5', '1774038220d410328a0479b72cb403f0', '0,1,b7dff5e820d310328a0479b72cb403f0,1774038220d410328a0479b72cb403f0,', '添加', '/sys/menu/create', '', '', 100, '0', 'sys:menu:create', NULL, NULL, NULL, NULL, NULL, '0');
INSERT INTO sys_menu VALUES ('78e2582a37831032a742ebdf985f1138', 'cd44e82d4ef7103293d96d0f05ea86e3', '0,1,cd44e82d4ef7103293d96d0f05ea86e3,', '请假申请', '/oa/leave', '', 'arrow-right', 30, '1', 'oa:leave:view', NULL, NULL, NULL, NULL, NULL, '0');
INSERT INTO sys_menu VALUES ('7b67019827ca103295b177fb85a9c0c5', '1774038220d410328a0479b72cb403f0', '0,1,b7dff5e820d310328a0479b72cb403f0,1774038220d410328a0479b72cb403f0,', '修改', '/sys/menu/update/**', '', '', 200, '0', 'sys:menu:edit', NULL, NULL, NULL, NULL, NULL, '0');
INSERT INTO sys_menu VALUES ('937931692d58103295b177fb85a9c0c5', '302cc2e32d47103295b177fb85a9c0c5', '0,1,44f3448920d010328a0479b72cb403f0,302cc2e32d47103295b177fb85a9c0c5,', '添加', '/sys/org/create', '', '', 100, '0', 'sys:org:create', NULL, NULL, NULL, NULL, NULL, '0');
INSERT INTO sys_menu VALUES ('9d762c5b43521032bfa84d7a7c008cbe', 'f63b8298432c1032bfa84d7a7c008cbe', '0,1,f63b8298432c1032bfa84d7a7c008cbe,', '运行流程', '/workflow/instance/running', '', 'step-forward', 20, '1', '', NULL, NULL, NULL, NULL, NULL, '0');
INSERT INTO sys_menu VALUES ('a96e04ca2d58103295b177fb85a9c0c5', '302cc2e32d47103295b177fb85a9c0c5', '0,1,44f3448920d010328a0479b72cb403f0,302cc2e32d47103295b177fb85a9c0c5,', '更新', '/sys/org/update/**', '', '', 200, '0', 'sys:org:edit', NULL, NULL, NULL, NULL, NULL, '0');
INSERT INTO sys_menu VALUES ('b7dff5e820d310328a0479b72cb403f0', '1', '0,1,', '系统设置', '', '', '', 4, '1', '', NULL, NULL, NULL, NULL, NULL, '0');
INSERT INTO sys_menu VALUES ('ba7aed7343521032bfa84d7a7c008cbe', 'f63b8298432c1032bfa84d7a7c008cbe', '0,1,f63b8298432c1032bfa84d7a7c008cbe,', '结束流程', '/workflow/instance/finished', '', 'stop', 30, '1', '', NULL, NULL, NULL, NULL, NULL, '0');
INSERT INTO sys_menu VALUES ('bcfc297a27ca103295b177fb85a9c0c5', '1774038220d410328a0479b72cb403f0', '0,1,b7dff5e820d310328a0479b72cb403f0,1774038220d410328a0479b72cb403f0,', '删除', '/sys/menu/delete/**', '', '', 300, '0', 'sys:menu:delete', NULL, NULL, NULL, NULL, NULL, '0');
INSERT INTO sys_menu VALUES ('bf9eeb312d58103295b177fb85a9c0c5', '302cc2e32d47103295b177fb85a9c0c5', '0,1,44f3448920d010328a0479b72cb403f0,302cc2e32d47103295b177fb85a9c0c5,', '删除', '/sys/org/delete/**', '', '', 300, '0', 'sys:org:delete', NULL, NULL, NULL, NULL, NULL, '0');
INSERT INTO sys_menu VALUES ('cd44e82d4ef7103293d96d0f05ea86e3', '1', '0,1,', '单据申请', '', '', '', 2, '1', '', NULL, NULL, NULL, NULL, NULL, '0');
INSERT INTO sys_menu VALUES ('d2fcb2d120d210328a0479b72cb403f0', '586d873e20d010328a0479b72cb403f0', '0,1,44f3448920d010328a0479b72cb403f0,586d873e20d010328a0479b72cb403f0,', '添加', '/sys/user/create', '', '', 100, '0', 'sys:user:create', NULL, NULL, NULL, NULL, NULL, '0');
INSERT INTO sys_menu VALUES ('d49cb2d049a91032bfa84d7a7c008cbe', '46b0b6cd37831032a742ebdf985f1138', '0,1,46b0b6cd37831032a742ebdf985f1138,', '待办任务', '/workflow/task/todo', '', 'adjust', 10, '1', '', NULL, NULL, NULL, NULL, NULL, '0');
INSERT INTO sys_menu VALUES ('d5b8beaf20d310328a0479b72cb403f0', 'b7dff5e820d310328a0479b72cb403f0', '0,1,b7dff5e820d310328a0479b72cb403f0,', '角色管理', '/sys/role', '', 'lock', 10, '1', 'sys:role:view', NULL, NULL, NULL, NULL, NULL, '0');
INSERT INTO sys_menu VALUES ('de9d07a527ca103295b177fb85a9c0c5', 'd5b8beaf20d310328a0479b72cb403f0', '0,1,b7dff5e820d310328a0479b72cb403f0,d5b8beaf20d310328a0479b72cb403f0,', '添加', '/sys/role/create', '', '', 100, '0', 'sys:role:create', NULL, NULL, NULL, NULL, NULL, '0');
INSERT INTO sys_menu VALUES ('df97389a27b3103295b177fb85a9c0c5', 'e321c6662652103295b177fb85a9c0c5', '0,1,44f3448920d010328a0479b72cb403f0,e321c6662652103295b177fb85a9c0c5,', '修改', '/sys/area/update/**', '', '', 200, '0', 'sys:area:edit', NULL, NULL, NULL, NULL, NULL, '0');
INSERT INTO sys_menu VALUES ('e321c6662652103295b177fb85a9c0c5', '44f3448920d010328a0479b72cb403f0', '0,1,44f3448920d010328a0479b72cb403f0,', '区域管理', '/sys/area', '', 'flag', 30, '1', 'sys:area:view', NULL, NULL, NULL, NULL, NULL, '0');
INSERT INTO sys_menu VALUES ('ebff98e020d210328a0479b72cb403f0', '586d873e20d010328a0479b72cb403f0', '0,1,44f3448920d010328a0479b72cb403f0,586d873e20d010328a0479b72cb403f0,', '更新', '/sys/user/update/**', '', '', 200, '0', 'sys:user:edit', NULL, NULL, NULL, NULL, NULL, '0');
INSERT INTO sys_menu VALUES ('efc00fd127cb103295b177fb85a9c0c5', 'd5b8beaf20d310328a0479b72cb403f0', '0,1,b7dff5e820d310328a0479b72cb403f0,d5b8beaf20d310328a0479b72cb403f0,', '修改', '/sys/role/update/**', '', '', 200, '0', 'sys:role:edit', NULL, NULL, NULL, NULL, NULL, '0');
INSERT INTO sys_menu VALUES ('f63b8298432c1032bfa84d7a7c008cbe', '1', '0,1,', '流程管理', '', '', '', 5, '1', '', NULL, NULL, NULL, NULL, NULL, '0');

INSERT INTO sys_org VALUES ('1', '0', '0,', '2', '100000', '北京市总公司', '1', '1', NULL, NULL, NULL, NULL, NULL, NULL, '1', '2013-5-27 08:00:00', '1', '2013-5-27 08:00:00', NULL, '0');
INSERT INTO sys_org VALUES ('10', '7', '0,1,7,', '8', '200003', '市场部', '2', '2', NULL, NULL, NULL, NULL, NULL, NULL, '1', '2013-5-27 08:00:00', '1', '2013-5-27 08:00:00', NULL, '0');
INSERT INTO sys_org VALUES ('11', '7', '0,1,7,', '8', '200004', '技术部', '2', '2', NULL, NULL, NULL, NULL, NULL, NULL, '1', '2013-5-27 08:00:00', '1', '2013-5-27 08:00:00', NULL, '0');
INSERT INTO sys_org VALUES ('12', '7', '0,1,7,', '9', '201000', '济南市分公司', '1', '3', NULL, NULL, NULL, NULL, NULL, NULL, '1', '2013-5-27 08:00:00', '1', '2013-5-27 08:00:00', NULL, '0');
INSERT INTO sys_org VALUES ('13', '12', '0,1,7,12,', '9', '201001', '公司领导', '2', '3', NULL, NULL, NULL, NULL, NULL, NULL, '1', '2013-5-27 08:00:00', '1', '2013-5-27 08:00:00', NULL, '0');
INSERT INTO sys_org VALUES ('14', '12', '0,1,7,12,', '9', '201002', '综合部', '2', '3', NULL, NULL, NULL, NULL, NULL, NULL, '1', '2013-5-27 08:00:00', '1', '2013-5-27 08:00:00', NULL, '0');
INSERT INTO sys_org VALUES ('15', '12', '0,1,7,12,', '9', '201003', '市场部', '2', '3', NULL, NULL, NULL, NULL, NULL, NULL, '1', '2013-5-27 08:00:00', '1', '2013-5-27 08:00:00', NULL, '0');
INSERT INTO sys_org VALUES ('16', '12', '0,1,7,12,', '9', '201004', '技术部', '2', '3', NULL, NULL, NULL, NULL, NULL, NULL, '1', '2013-5-27 08:00:00', '1', '2013-5-27 08:00:00', NULL, '0');
INSERT INTO sys_org VALUES ('17', '12', '0,1,7,12,', '11', '201010', '济南市历城区分公司', '1', '4', NULL, NULL, NULL, NULL, NULL, NULL, '1', '2013-5-27 08:00:00', '1', '2013-5-27 08:00:00', NULL, '0');
INSERT INTO sys_org VALUES ('18', '17', '0,1,7,12,17,', '11', '201011', '公司领导', '2', '4', NULL, NULL, NULL, NULL, NULL, NULL, '1', '2013-5-27 08:00:00', '1', '2013-5-27 08:00:00', NULL, '0');
INSERT INTO sys_org VALUES ('19', '17', '0,1,7,12,17,', '11', '201012', '综合部', '2', '4', NULL, NULL, NULL, NULL, NULL, NULL, '1', '2013-5-27 08:00:00', '1', '2013-5-27 08:00:00', NULL, '0');
INSERT INTO sys_org VALUES ('2', '1', '0,1,', '2', '100001', '公司领导', '2', '4', '', '', '', '', '', '', '1', '2013-5-27 08:00:00', '2', '2014-3-13 11:41:18', '', '0');
INSERT INTO sys_org VALUES ('20', '17', '0,1,7,12,17,', '11', '201013', '市场部', '2', '4', NULL, NULL, NULL, NULL, NULL, NULL, '1', '2013-5-27 08:00:00', '1', '2013-5-27 08:00:00', NULL, '0');
INSERT INTO sys_org VALUES ('21', '17', '0,1,7,12,17,', '11', '201014', '技术部', '2', '4', NULL, NULL, NULL, NULL, NULL, NULL, '1', '2013-5-27 08:00:00', '1', '2013-5-27 08:00:00', NULL, '0');
INSERT INTO sys_org VALUES ('22', '12', '0,1,7,12,', '12', '201020', '济南市历下区分公司', '1', '4', NULL, NULL, NULL, NULL, NULL, NULL, '1', '2013-5-27 08:00:00', '1', '2013-5-27 08:00:00', NULL, '0');
INSERT INTO sys_org VALUES ('23', '22', '0,1,7,12,22,', '12', '201021', '公司领导', '2', '4', NULL, NULL, NULL, NULL, NULL, NULL, '1', '2013-5-27 08:00:00', '1', '2013-5-27 08:00:00', NULL, '0');
INSERT INTO sys_org VALUES ('24', '22', '0,1,7,12,22,', '12', '201022', '综合部', '2', '4', NULL, NULL, NULL, NULL, NULL, NULL, '1', '2013-5-27 08:00:00', '1', '2013-5-27 08:00:00', NULL, '0');
INSERT INTO sys_org VALUES ('25', '22', '0,1,7,12,22,', '12', '201023', '市场部', '2', '4', NULL, NULL, NULL, NULL, NULL, NULL, '1', '2013-5-27 08:00:00', '1', '2013-5-27 08:00:00', NULL, '0');
INSERT INTO sys_org VALUES ('26', '22', '0,1,7,12,22,', '12', '201024', '技术部', '2', '4', NULL, NULL, NULL, NULL, NULL, NULL, '1', '2013-5-27 08:00:00', '1', '2013-5-27 08:00:00', NULL, '0');
INSERT INTO sys_org VALUES ('3', '1', '0,1,', '2', '100002', '人力部', '2', '1', '', '', '', '', '', '', '1', '2013-5-27 08:00:00', '2', '2014-3-13 11:41:35', '', '0');
INSERT INTO sys_org VALUES ('4', '1', '0,1,', '2', '100003', '市场部', '2', '1', NULL, NULL, NULL, NULL, NULL, NULL, '1', '2013-5-27 08:00:00', '1', '2013-5-27 08:00:00', NULL, '0');
INSERT INTO sys_org VALUES ('5', '1', '0,1,', '2', '100004', '技术部', '2', '1', NULL, NULL, NULL, NULL, NULL, NULL, '1', '2013-5-27 08:00:00', '1', '2013-5-27 08:00:00', NULL, '0');
INSERT INTO sys_org VALUES ('6', '1', '0,1,', '2', '100005', '研发部', '2', '1', NULL, NULL, NULL, NULL, NULL, NULL, '1', '2013-5-27 08:00:00', '1', '2013-5-27 08:00:00', NULL, '0');
INSERT INTO sys_org VALUES ('7', '1', '0,1,', '8', '200000', '山东省分公司', '1', '2', '', '', '', '', '', '', '1', '2013-5-27 08:00:00', '1', '2013-5-27 08:00:00', NULL, '0');
INSERT INTO sys_org VALUES ('8', '7', '0,1,7,', '8', '200001', '公司领导', '2', '2', '', '', '', '', '', '', '1', '2013-5-27 08:00:00', '1', '2013-5-27 08:00:00', NULL, '0');
INSERT INTO sys_org VALUES ('9', '7', '0,1,7,', '8', '200002', '综合部', '2', '2', NULL, NULL, NULL, NULL, NULL, NULL, '1', '2013-5-27 08:00:00', '1', '2013-5-27 08:00:00', NULL, '0');

INSERT INTO sys_role VALUES ('259cd3a84104103283ce5d01eda26206', NULL, '部门领导', 'deptLeader', '1', NULL, NULL, NULL, NULL, NULL, '0');
INSERT INTO sys_role VALUES ('59bc0b3d1ce710328a0479b72cb403f0', NULL, '超级管理员', 'admin', '1', NULL, NULL, NULL, NULL, NULL, '0');
INSERT INTO sys_role VALUES ('a642098a4104103283ce5d01eda26206', NULL, '人事', 'hr', '1', NULL, NULL, NULL, NULL, NULL, '0');
INSERT INTO sys_role VALUES ('d6c3bdbc1ceb10328a0479b72cb403f0', NULL, '普通用户', 'user', '1', NULL, NULL, NULL, NULL, NULL, '0');

INSERT INTO sys_role_menu VALUES ('259cd3a84104103283ce5d01eda26206', '1');
INSERT INTO sys_role_menu VALUES ('259cd3a84104103283ce5d01eda26206', '10bee15449b41032bfa84d7a7c008cbe');
INSERT INTO sys_role_menu VALUES ('259cd3a84104103283ce5d01eda26206', '46b0b6cd37831032a742ebdf985f1138');
INSERT INTO sys_role_menu VALUES ('259cd3a84104103283ce5d01eda26206', '78e2582a37831032a742ebdf985f1138');
INSERT INTO sys_role_menu VALUES ('259cd3a84104103283ce5d01eda26206', 'cd44e82d4ef7103293d96d0f05ea86e3');
INSERT INTO sys_role_menu VALUES ('259cd3a84104103283ce5d01eda26206', 'd49cb2d049a91032bfa84d7a7c008cbe');
INSERT INTO sys_role_menu VALUES ('59bc0b3d1ce710328a0479b72cb403f0', '06451f0b27b4103295b177fb85a9c0c5');
INSERT INTO sys_role_menu VALUES ('59bc0b3d1ce710328a0479b72cb403f0', '073d631227cb103295b177fb85a9c0c5');
INSERT INTO sys_role_menu VALUES ('59bc0b3d1ce710328a0479b72cb403f0', '1');
INSERT INTO sys_role_menu VALUES ('59bc0b3d1ce710328a0479b72cb403f0', '10bee15449b41032bfa84d7a7c008cbe');
INSERT INTO sys_role_menu VALUES ('59bc0b3d1ce710328a0479b72cb403f0', '14a4b5ce27b3103295b177fb85a9c0c5');
INSERT INTO sys_role_menu VALUES ('59bc0b3d1ce710328a0479b72cb403f0', '1774038220d410328a0479b72cb403f0');
INSERT INTO sys_role_menu VALUES ('59bc0b3d1ce710328a0479b72cb403f0', '23333e33432d1032bfa84d7a7c008cbe');
INSERT INTO sys_role_menu VALUES ('59bc0b3d1ce710328a0479b72cb403f0', '248aac5227ca103295b177fb85a9c0c5');
INSERT INTO sys_role_menu VALUES ('59bc0b3d1ce710328a0479b72cb403f0', '302cc2e32d47103295b177fb85a9c0c5');
INSERT INTO sys_role_menu VALUES ('59bc0b3d1ce710328a0479b72cb403f0', '44f3448920d010328a0479b72cb403f0');
INSERT INTO sys_role_menu VALUES ('59bc0b3d1ce710328a0479b72cb403f0', '46b0b6cd37831032a742ebdf985f1138');
INSERT INTO sys_role_menu VALUES ('59bc0b3d1ce710328a0479b72cb403f0', '51df75894d67103293d96d0f05ea86e3');
INSERT INTO sys_role_menu VALUES ('59bc0b3d1ce710328a0479b72cb403f0', '586d873e20d010328a0479b72cb403f0');
INSERT INTO sys_role_menu VALUES ('59bc0b3d1ce710328a0479b72cb403f0', '5c4ad12a27ca103295b177fb85a9c0c5');
INSERT INTO sys_role_menu VALUES ('59bc0b3d1ce710328a0479b72cb403f0', '78e2582a37831032a742ebdf985f1138');
INSERT INTO sys_role_menu VALUES ('59bc0b3d1ce710328a0479b72cb403f0', '7b67019827ca103295b177fb85a9c0c5');
INSERT INTO sys_role_menu VALUES ('59bc0b3d1ce710328a0479b72cb403f0', '937931692d58103295b177fb85a9c0c5');
INSERT INTO sys_role_menu VALUES ('59bc0b3d1ce710328a0479b72cb403f0', '9d762c5b43521032bfa84d7a7c008cbe');
INSERT INTO sys_role_menu VALUES ('59bc0b3d1ce710328a0479b72cb403f0', 'a96e04ca2d58103295b177fb85a9c0c5');
INSERT INTO sys_role_menu VALUES ('59bc0b3d1ce710328a0479b72cb403f0', 'b7dff5e820d310328a0479b72cb403f0');
INSERT INTO sys_role_menu VALUES ('59bc0b3d1ce710328a0479b72cb403f0', 'ba7aed7343521032bfa84d7a7c008cbe');
INSERT INTO sys_role_menu VALUES ('59bc0b3d1ce710328a0479b72cb403f0', 'bcfc297a27ca103295b177fb85a9c0c5');
INSERT INTO sys_role_menu VALUES ('59bc0b3d1ce710328a0479b72cb403f0', 'bf9eeb312d58103295b177fb85a9c0c5');
INSERT INTO sys_role_menu VALUES ('59bc0b3d1ce710328a0479b72cb403f0', 'cd44e82d4ef7103293d96d0f05ea86e3');
INSERT INTO sys_role_menu VALUES ('59bc0b3d1ce710328a0479b72cb403f0', 'd2fcb2d120d210328a0479b72cb403f0');
INSERT INTO sys_role_menu VALUES ('59bc0b3d1ce710328a0479b72cb403f0', 'd49cb2d049a91032bfa84d7a7c008cbe');
INSERT INTO sys_role_menu VALUES ('59bc0b3d1ce710328a0479b72cb403f0', 'd5b8beaf20d310328a0479b72cb403f0');
INSERT INTO sys_role_menu VALUES ('59bc0b3d1ce710328a0479b72cb403f0', 'de9d07a527ca103295b177fb85a9c0c5');
INSERT INTO sys_role_menu VALUES ('59bc0b3d1ce710328a0479b72cb403f0', 'df97389a27b3103295b177fb85a9c0c5');
INSERT INTO sys_role_menu VALUES ('59bc0b3d1ce710328a0479b72cb403f0', 'e321c6662652103295b177fb85a9c0c5');
INSERT INTO sys_role_menu VALUES ('59bc0b3d1ce710328a0479b72cb403f0', 'ebff98e020d210328a0479b72cb403f0');
INSERT INTO sys_role_menu VALUES ('59bc0b3d1ce710328a0479b72cb403f0', 'efc00fd127cb103295b177fb85a9c0c5');
INSERT INTO sys_role_menu VALUES ('59bc0b3d1ce710328a0479b72cb403f0', 'f63b8298432c1032bfa84d7a7c008cbe');
INSERT INTO sys_role_menu VALUES ('a642098a4104103283ce5d01eda26206', '1');
INSERT INTO sys_role_menu VALUES ('a642098a4104103283ce5d01eda26206', '10bee15449b41032bfa84d7a7c008cbe');
INSERT INTO sys_role_menu VALUES ('a642098a4104103283ce5d01eda26206', '46b0b6cd37831032a742ebdf985f1138');
INSERT INTO sys_role_menu VALUES ('a642098a4104103283ce5d01eda26206', '78e2582a37831032a742ebdf985f1138');
INSERT INTO sys_role_menu VALUES ('a642098a4104103283ce5d01eda26206', 'cd44e82d4ef7103293d96d0f05ea86e3');
INSERT INTO sys_role_menu VALUES ('a642098a4104103283ce5d01eda26206', 'd49cb2d049a91032bfa84d7a7c008cbe');
INSERT INTO sys_role_menu VALUES ('d6c3bdbc1ceb10328a0479b72cb403f0', '1');
INSERT INTO sys_role_menu VALUES ('d6c3bdbc1ceb10328a0479b72cb403f0', '10bee15449b41032bfa84d7a7c008cbe');
INSERT INTO sys_role_menu VALUES ('d6c3bdbc1ceb10328a0479b72cb403f0', '46b0b6cd37831032a742ebdf985f1138');
INSERT INTO sys_role_menu VALUES ('d6c3bdbc1ceb10328a0479b72cb403f0', '78e2582a37831032a742ebdf985f1138');
INSERT INTO sys_role_menu VALUES ('d6c3bdbc1ceb10328a0479b72cb403f0', 'cd44e82d4ef7103293d96d0f05ea86e3');
INSERT INTO sys_role_menu VALUES ('d6c3bdbc1ceb10328a0479b72cb403f0', 'd49cb2d049a91032bfa84d7a7c008cbe');

INSERT INTO sys_user VALUES ('1', NULL, NULL, 'admin', '19edac50b7db81675a5b7b1cf25125d05ff90ced', '25d1e6c2ec08de66', NULL, '唐欣', 'tangxin983@163.com', '87710815', '13645055562', NULL, NULL, NULL, NULL, NULL, NULL, NULL, NULL, '0');
INSERT INTO sys_user VALUES ('56acbd764104103283ce5d01eda26206', NULL, NULL, 'leader', 'b10194ace51282b9add9e14569d5235a3a84b0d9', '871c58e851fe60af', NULL, '部门领导', 'test@sina.com', '', '', NULL, NULL, NULL, NULL, NULL, NULL, NULL, NULL, '0');
INSERT INTO sys_user VALUES ('c99429484104103283ce5d01eda26206', NULL, NULL, 'hr', '69dd7e64a794070f0dc90b8419da2c9622d2ba48', '988c238e2857f83d', NULL, '人事', 'hr@sina.com', '', '', NULL, NULL, NULL, NULL, NULL, NULL, NULL, NULL, '0');
INSERT INTO sys_user VALUES ('ea3b043927c9103295b177fb85a9c0c5', NULL, NULL, 'user', '21bf009ccb875f7229929da5343ff31050bd0cb0', '745db3490ed168e5', NULL, '普通用户', '', '', '', NULL, NULL, NULL, NULL, NULL, NULL, NULL, NULL, '0');

INSERT INTO sys_user_role VALUES ('1', '59bc0b3d1ce710328a0479b72cb403f0');
INSERT INTO sys_user_role VALUES ('56acbd764104103283ce5d01eda26206', '259cd3a84104103283ce5d01eda26206');
INSERT INTO sys_user_role VALUES ('c99429484104103283ce5d01eda26206', 'a642098a4104103283ce5d01eda26206');
INSERT INTO sys_user_role VALUES ('ea3b043927c9103295b177fb85a9c0c5', 'd6c3bdbc1ceb10328a0479b72cb403f0');

INSERT INTO act_id_user VALUES ('1', '1', '唐欣', '', 'tangxin983@163.com', '', null);
INSERT INTO act_id_user VALUES ('56acbd764104103283ce5d01eda26206', '1', '部门领导', '', 'test@sina.com', '', null);
INSERT INTO act_id_user VALUES ('c99429484104103283ce5d01eda26206', '1', '人事', '', 'hr@sina.com', '', null);
INSERT INTO act_id_user VALUES ('ea3b043927c9103295b177fb85a9c0c5', '1', '普通用户', '', '', '', null);

INSERT INTO act_id_group VALUES ('259cd3a84104103283ce5d01eda26206', '6', '部门领导', null);
INSERT INTO act_id_group VALUES ('59bc0b3d1ce710328a0479b72cb403f0', '6', '超级管理员', null);
INSERT INTO act_id_group VALUES ('a642098a4104103283ce5d01eda26206', '5', '人事', null);
INSERT INTO act_id_group VALUES ('d6c3bdbc1ceb10328a0479b72cb403f0', '3', '普通用户', null);

INSERT INTO act_id_membership VALUES ('56acbd764104103283ce5d01eda26206', '259cd3a84104103283ce5d01eda26206');
INSERT INTO act_id_membership VALUES ('1', '59bc0b3d1ce710328a0479b72cb403f0');
INSERT INTO act_id_membership VALUES ('c99429484104103283ce5d01eda26206', 'a642098a4104103283ce5d01eda26206');
INSERT INTO act_id_membership VALUES ('ea3b043927c9103295b177fb85a9c0c5', 'd6c3bdbc1ceb10328a0479b72cb403f0');
